in,x,y,qd,v,ts,te,co,cf
1,-30.0478045,-51.1733448,0,100,0,480,0,0
