in,x,y,q,ts,te,co,cf,phi
1,-30.0478045,-51.1733448,0,0,480,0,0,0
