in,x,y,q,ts,te,co,cf,phi
1,41.3975366,2.1235633,0,0,240,0,0,0
