in,x,y,qd,v,ts,te,co,cf
1,41.3975366,2.1235633,0,100,0,240,0,0
