in,x,y,q,ts,te,co,cf,phi
1,52.500767,13.5530883,0,0,480,0,0,0
