in,x,y,qd,v,ts,te,co,cf
1,52.500767,13.5530883,0,100,0,480,0,0
