in,x,y,qd,v,ts,te,co,cf
1,41.401354,2.1403998,0,100,0,480,0,0
