in,x,y,q,ts,te,co,cf,phi
1,41.401354,2.1403998,0,0,480,0,0,0
