in,x,y,q,ts,te,co,cf,phi
1,40.723408,-73.998505,0,0,240,0,0,0
