in,x,y,q,ts,te,co,cf
1,40.723408,-73.998505,0,0,240,0,0
