in,x,y,qd,v,ts,te,co,cf
1,40.723408,-73.998505,0,100,0,240,0,0
