in,x,y,q,ts,te,co,cf
1,-30.0897988,-51.1673051,0,0,240,0,0
