in,x,y,qd,v,ts,te,co,cf
1,40.758366,-73.986267,0,100,0,240,0,0
