in,x,y,q,ts,te,co,cf
1,52.5030572,13.4223118,0,0,240,0,0
