in,x,y,q,ts,te,co,cf
1,-30.1314422,-51.2058018,0,0,480,0,0
